{
  "genInfo": {
    "inFrmPth": "./data/frm.jpg",

    "outCamMatPth": ".calibration.txt",

    "outCalDispPth": "./calibration.jpg",

    "outCalDispFlg": 1,

    "rszFrmHei": -1
  },

  "camCal": {
    "calSel2dPtFlg": -1,

    "cal2dPtLs": [
      [746, 1026],
      [962, 621],
      [1061, 425],
      [1115, 320],
      [1152, 245],
      [1170, 201],
      [1186, 167],
      [1200, 146],
      [1115, 151],
      [1086, 195],
      [1058, 237],
      [997, 317],
      [945, 378],
      [763, 558],
      [516, 852],
      [1337, 975],
      [1340, 497],
      [1308, 342],
      [1295, 250],
      [1281, 197],
      [1268, 167],
      [1320, 156],
      [1616, 847]
    ],

    "cal3dPtLs": [
      [112.130973495, 32.036895156],
      [112.130976356, 32.036803591],
      [112.13098108, 32.036701824],
      [112.130985971, 32.036595832],
      [112.130993409, 32.036453827],
      [112.131000265, 32.036340415],
      [112.131007841, 32.036204314],
      [112.131011398, 32.036081273],
      [112.131050013, 32.036120314],
      [112.131037479, 32.036305086],
      [112.131026137, 32.036432959],
      [112.131015736, 32.036582875],
      [112.131011469, 32.036660366],
      [112.131009027, 32.03677927],
      [112.131003835, 32.036868667],
      [112.130930313, 32.036884998],
      [112.130932591, 32.036749317],
      [112.130940774, 32.036627212],
      [112.130949143, 32.036478939],
      [112.130960937, 32.036327992],
      [112.130970677, 32.036197277],
      [112.130950807, 32.036146408],
      [112.130905962, 32.036863695]
    ],

    "calTyp": -1,

    "calRansacReprojThld": 100.0,

    "calDispGrdDim": [10, 10],

    "calDistFlg": 1,

    "calDistCoeff": [0.0, 0.0, 0.0, 0.0],

    "calFocLen": [3000.7135582, 3001.48078671759],

    "calPrinPt": [950.279227631519, 554.313641405489]
  }
}