{
  "genInfo": {
    "inFrmPth": "./data/frm.jpg",

    "outCamMatPth": ".calibration.txt",

    "outCalDispPth": "./calibration.jpg",

    "outCalDispFlg": 1,

    "rszFrmHei": -1
  },

  "camCal": {
    "calSel2dPtFlg": -1,

    "cal2dPtLs": [
      [866, 447],
      [715, 425],
      [858, 373],
      [718, 353],
      [841, 330],
      [712, 308],
      [823, 287],
      [712, 272],
      [812, 252],
      [716, 243],
      [800, 241],
      [617, 245],
      [603, 261],
      [597, 278],
      [615, 292],
      [588, 342],
      [672, 370],
      [523, 402],
      [656, 435],
      [510, 453],
      [731, 533],
      [917, 470],
      [645, 491]
    ],

    "cal3dPtLs": [
      [117.011121115, 39.123528887],
      [117.011163403, 39.123502259],
      [117.01116904, 39.123424712],
      [117.0112235, 39.12338037],
      [117.011217617, 39.123326231],
      [117.011274918, 39.123280558],
      [117.011270417, 39.123221627],
      [117.011331354, 39.123168646],
      [117.011328823, 39.123102492],
      [117.01138957, 39.123049273],
      [117.011362658, 39.123037892],
      [117.011427107, 39.123053502],
      [117.011394825, 39.123123569],
      [117.011365211, 39.123181485],
      [117.01132618, 39.123240749],
      [117.011272883, 39.123353887],
      [117.011220636, 39.123411552],
      [117.011226203, 39.123463451],
      [117.011175058, 39.123507003],
      [117.011184646, 39.123538768],
      [117.011108324, 39.123608236],
      [117.01110589, 39.123542585],
      [117.011142897, 39.123569783]
    ],

    "calTyp": -1,

    "calRansacReprojThld": 100.0,

    "calDispGrdDim": [10, 10],

    "calDistFlg": 1,

    "calDistCoeff": [0.0, 0.0, 0.0, 0.0],

    "calFocLen": [3000.7135582, 3001.48078671759],

    "calPrinPt": [950.279227631519, 554.313641405489]
  }
}